Date,Temperature_Max,Temperature_Min,Temperature_Avg,Humidity,Wind_Speed,Precipitation,Weather_Condition
2021-01-01,32.5,24.7,28.6,59,8.7,3.4,Rainy
2021-01-02,29.3,22.5,25.9,32,13.2,4.2,Rainy
2021-01-03,33.2,28.1,30.6,43,10.6,3.0,Sunny
2021-01-04,37.6,33.9,35.8,89,12.0,2.2,Cloudy
2021-01-05,28.8,22.4,25.6,74,10.5,0.1,Cloudy
2021-01-06,28.8,23.0,25.9,63,8.5,1.5,Sunny
2021-01-07,37.9,31.1,34.5,74,14.8,0.1,Cloudy
2021-01-08,33.8,27.5,30.6,90,11.1,3.3,Rainy
2021-01-09,27.7,20.6,24.2,45,8.9,0.8,Sunny
2021-01-10,32.7,28.8,30.8,95,13.8,1.7,Cloudy
2021-01-11,27.7,20.1,23.9,69,6.0,0.7,Sunny
2021-01-12,27.7,22.3,25.0,46,16.7,3.1,Rainy
2021-01-13,31.2,22.0,26.6,63,9.5,4.4,Rainy
2021-01-14,20.4,16.8,18.6,45,6.2,1.0,Sunny
2021-01-15,21.4,12.9,17.2,89,15.7,4.0,Rainy
2021-01-16,27.2,21.8,24.5,95,8.6,0.6,Cloudy
2021-01-17,24.9,21.2,23.0,95,10.7,1.5,Cloudy
2021-01-18,31.6,27.6,29.6,42,12.2,3.9,Rainy
2021-01-19,25.5,21.1,23.3,85,13.6,0.8,Cloudy
2021-01-20,22.9,17.1,20.0,60,10.9,6.2,Rainy
2021-01-21,37.3,31.3,34.3,63,8.1,0.3,Sunny
2021-01-22,28.9,25.0,27.0,68,10.7,0.0,Sunny
2021-01-23,30.3,25.3,27.8,96,8.7,4.7,Rainy
2021-01-24,22.9,13.6,18.2,37,10.7,0.1,Sunny
2021-01-25,27.3,18.8,23.0,84,14.9,9.6,Rainy
2021-01-26,30.6,24.7,27.6,56,12.3,6.0,Rainy
2021-01-27,24.2,19.1,21.6,82,10.6,0.3,Cloudy
2021-01-28,31.9,26.7,29.3,68,12.2,1.5,Sunny
2021-01-29,27.0,20.8,23.9,94,12.4,0.4,Cloudy
2021-01-30,28.5,25.5,27.0,46,6.8,1.1,Sunny
2021-01-31,27.0,22.5,24.8,59,10.1,0.1,Sunny
2021-02-01,39.3,37.6,38.4,82,17.7,0.5,Cloudy
2021-02-02,29.9,24.1,27.0,42,13.6,0.9,Sunny
2021-02-03,24.7,18.4,21.5,50,8.5,1.2,Sunny
2021-02-04,34.1,30.1,32.1,48,8.2,7.6,Rainy
2021-02-05,23.9,15.8,19.8,82,8.1,3.3,Rainy
2021-02-06,31.0,28.5,29.8,48,12.6,2.7,Sunny
2021-02-07,20.2,18.1,19.2,86,14.8,1.5,Cloudy
2021-02-08,23.4,18.0,20.7,54,11.7,3.7,Rainy
2021-02-09,31.0,23.9,27.4,60,10.5,0.8,Sunny
2021-02-10,33.7,25.3,29.5,84,8.7,2.5,Cloudy
2021-02-11,30.9,26.8,28.8,52,11.0,10.2,Rainy
2021-02-12,29.4,22.2,25.8,61,7.5,0.8,Sunny
2021-02-13,28.5,23.6,26.0,91,4.2,2.2,Cloudy
2021-02-14,22.6,17.9,20.2,39,14.9,3.7,Rainy
2021-02-15,26.4,19.6,23.0,83,7.0,4.9,Rainy
2021-02-16,27.7,21.4,24.5,81,9.0,2.5,Cloudy
2021-02-17,35.3,33.5,34.4,49,12.0,0.7,Sunny
2021-02-18,31.7,23.7,27.7,61,14.3,0.8,Sunny
2021-02-19,21.2,13.4,17.3,43,10.8,0.0,Sunny
2021-02-20,31.6,27.9,29.8,79,6.4,2.9,Cloudy
2021-02-21,28.1,22.3,25.2,57,9.1,0.1,Sunny
2021-02-22,26.6,20.6,23.6,82,8.0,4.0,Rainy
2021-02-23,33.1,27.6,30.4,53,9.9,0.3,Sunny
2021-02-24,35.2,31.3,33.2,51,13.7,0.4,Sunny
2021-02-25,34.7,31.0,32.8,59,2.4,1.3,Sunny
2021-02-26,25.8,20.9,23.4,92,8.8,2.7,Cloudy
2021-02-27,28.5,21.2,24.8,33,8.5,0.3,Sunny
2021-02-28,31.7,25.6,28.6,88,6.2,1.2,Cloudy
2021-03-01,34.9,30.6,32.8,37,11.8,1.3,Sunny
2021-03-02,27.6,21.1,24.4,41,5.8,0.5,Sunny
2021-03-03,29.1,29.8,29.4,60,6.1,0.2,Sunny
2021-03-04,24.5,17.2,20.8,63,12.6,3.6,Rainy
2021-03-05,24.0,22.5,23.2,78,14.5,1.4,Cloudy
2021-03-06,34.1,29.8,32.0,86,9.8,0.0,Cloudy
2021-03-07,36.8,34.0,35.4,55,6.3,3.2,Rainy
2021-03-08,29.6,27.2,28.4,47,7.9,7.9,Rainy
2021-03-09,35.0,27.7,31.4,67,13.0,1.9,Sunny
2021-03-10,31.8,27.7,29.8,79,10.3,1.4,Cloudy
2021-03-11,26.8,21.1,24.0,37,9.7,4.2,Rainy
2021-03-12,31.8,26.9,29.4,70,10.9,6.1,Rainy
2021-03-13,37.7,31.7,34.7,35,9.9,2.8,Sunny
2021-03-14,29.8,24.6,27.2,98,14.6,1.2,Cloudy
2021-03-15,37.8,35.4,36.6,73,7.8,1.8,Cloudy
2021-03-16,16.9,9.9,13.4,93,7.4,2.4,Cloudy
2021-03-17,34.1,30.1,32.1,58,5.8,0.4,Sunny
2021-03-18,30.4,28.5,29.4,57,8.4,1.2,Sunny
2021-03-19,28.5,24.4,26.4,40,6.7,3.5,Rainy
2021-03-20,30.5,22.5,26.5,94,10.7,2.1,Cloudy
2021-03-21,20.1,13.4,16.8,48,10.1,1.1,Sunny
2021-03-22,28.9,24.6,26.8,38,6.8,2.2,Sunny
2021-03-23,31.8,27.5,29.6,56,11.8,0.3,Sunny
2021-03-24,37.4,33.0,35.2,63,14.6,1.0,Sunny
2021-03-25,27.4,18.2,22.8,73,11.1,3.2,Rainy
2021-03-26,26.0,20.2,23.1,97,2.4,0.5,Cloudy
2021-03-27,27.5,21.6,24.6,44,16.0,0.4,Sunny
2021-03-28,34.6,27.5,31.0,80,12.2,6.0,Rainy
2021-03-29,31.6,26.1,28.8,42,15.9,0.5,Sunny
2021-03-30,27.4,22.9,25.2,78,13.3,0.6,Cloudy
2021-03-31,32.6,28.0,30.3,99,13.9,7.0,Rainy
2021-04-01,30.5,25.6,28.0,85,10.6,2.7,Cloudy
2021-04-02,34.8,29.9,32.3,80,9.2,2.4,Cloudy
2021-04-03,26.5,20.0,23.2,66,11.1,3.8,Rainy
2021-04-04,28.4,23.3,25.8,46,7.9,0.2,Sunny
2021-04-05,28.0,21.5,24.8,87,11.3,2.4,Cloudy
2021-04-06,22.7,17.9,20.3,58,2.1,1.4,Sunny
2021-04-07,31.5,26.3,28.9,62,10.1,3.5,Rainy
2021-04-08,31.3,30.3,30.8,89,14.0,1.4,Cloudy
2021-04-09,30.0,23.2,26.6,84,10.3,1.9,Cloudy
2021-04-10,28.8,23.1,26.0,39,15.2,1.3,Sunny
2021-04-11,22.9,15.9,19.4,76,9.2,1.3,Cloudy
2021-04-12,27.9,28.7,28.3,52,13.0,2.9,Sunny
2021-04-13,28.3,19.1,23.7,50,7.4,2.0,Sunny
2021-04-14,26.0,21.3,23.6,42,12.9,2.0,Sunny
2021-04-15,29.2,22.0,25.6,62,10.7,1.2,Sunny
2021-04-16,32.0,29.1,30.6,53,9.3,1.5,Sunny
2021-04-17,39.4,33.2,36.3,40,2.3,2.7,Sunny
2021-04-18,30.9,28.0,29.4,46,9.2,3.5,Rainy
2021-04-19,31.3,27.5,29.4,97,10.6,2.4,Cloudy
2021-04-20,29.6,20.8,25.2,76,12.5,5.2,Rainy
2021-04-21,20.4,15.8,18.1,54,14.7,3.4,Rainy
2021-04-22,29.9,24.5,27.2,50,16.1,1.7,Sunny
2021-04-23,30.3,23.6,27.0,41,13.7,2.2,Sunny
2021-04-24,42.3,36.3,39.3,66,8.3,5.2,Rainy
2021-04-25,29.0,23.7,26.4,71,9.1,1.9,Cloudy
2021-04-26,31.5,25.8,28.6,46,12.2,3.5,Rainy
2021-04-27,29.8,20.0,24.9,77,11.6,2.3,Cloudy
2021-04-28,24.2,19.3,21.8,57,14.9,1.6,Sunny
2021-04-29,35.7,30.3,33.0,70,17.4,0.6,Sunny
2021-04-30,33.8,26.7,30.2,76,16.8,1.1,Cloudy
2021-05-01,34.0,26.8,30.4,47,14.5,6.9,Rainy
2021-05-02,25.5,18.1,21.8,42,11.6,2.1,Sunny
2021-05-03,37.0,30.7,33.8,42,14.0,1.7,Sunny
2021-05-04,23.0,20.3,21.6,60,15.0,5.4,Rainy
2021-05-05,32.9,24.6,28.8,31,9.6,1.8,Sunny
2021-05-06,41.0,38.3,39.6,45,8.4,1.5,Sunny
2021-05-07,25.0,19.4,22.2,38,7.7,2.8,Sunny
2021-05-08,27.2,23.7,25.4,67,7.4,2.5,Sunny
2021-05-09,30.5,25.6,28.0,83,5.9,0.4,Cloudy
2021-05-10,27.5,21.8,24.6,85,10.7,1.3,Cloudy
2021-05-11,22.2,16.6,19.4,74,7.0,1.3,Cloudy
2021-05-12,30.3,24.5,27.4,63,7.6,1.0,Sunny
2021-05-13,24.7,16.5,20.6,38,12.1,1.5,Sunny
2021-05-14,32.4,26.5,29.4,37,10.5,1.1,Sunny
2021-05-15,25.4,20.9,23.2,36,11.3,0.4,Sunny
2021-05-16,37.7,30.8,34.2,65,14.1,1.1,Sunny
2021-05-17,26.1,18.7,22.4,47,12.6,0.2,Sunny
2021-05-18,28.4,25.9,27.2,32,14.6,1.7,Sunny
2021-05-19,34.1,27.9,31.0,57,10.2,3.8,Rainy
2021-05-20,23.8,17.4,20.6,99,14.8,2.6,Cloudy
2021-05-21,31.1,26.7,28.9,73,11.1,0.9,Cloudy
2021-05-22,36.5,28.7,32.6,50,10.5,0.2,Sunny
2021-05-23,22.0,17.3,19.6,57,14.4,0.5,Sunny
2021-05-24,30.9,25.6,28.2,83,7.4,1.6,Cloudy
2021-05-25,31.3,26.6,29.0,83,16.1,0.5,Cloudy
2021-05-26,33.9,28.9,31.4,94,9.2,1.6,Cloudy
2021-05-27,23.8,21.0,22.4,50,6.3,0.5,Sunny
2021-05-28,23.4,21.3,22.4,42,12.0,3.8,Rainy
2021-05-29,32.6,24.4,28.5,86,8.9,1.0,Cloudy
2021-05-30,31.5,28.2,29.8,78,16.1,0.6,Cloudy
2021-05-31,31.3,28.3,29.8,83,8.7,3.3,Rainy
2021-06-01,31.7,31.0,31.4,39,10.9,0.8,Sunny
2021-06-02,26.6,22.9,24.8,82,5.7,0.2,Cloudy
2021-06-03,31.2,28.8,30.0,73,12.4,1.7,Cloudy
2021-06-04,31.5,23.2,27.4,76,7.7,1.7,Cloudy
2021-06-05,26.4,19.4,22.9,82,12.1,2.5,Cloudy
2021-06-06,39.3,35.7,37.5,75,8.7,0.5,Cloudy
2021-06-07,32.4,22.9,27.6,42,3.9,1.2,Sunny
2021-06-08,24.0,17.0,20.5,66,10.4,0.7,Sunny
2021-06-09,33.3,28.9,31.1,53,10.3,0.2,Sunny
2021-06-10,25.1,25.1,25.1,31,12.6,4.2,Rainy
2021-06-11,33.9,24.3,29.1,43,14.7,2.6,Sunny
2021-06-12,35.8,33.6,34.7,39,15.7,0.7,Sunny
2021-06-13,25.9,24.2,25.0,64,12.6,1.8,Sunny
2021-06-14,34.8,27.8,31.3,54,10.8,0.4,Sunny
2021-06-15,32.1,22.2,27.2,32,5.7,4.4,Rainy
2021-06-16,34.1,26.3,30.2,46,10.6,0.2,Sunny
2021-06-17,39.5,33.4,36.4,41,10.6,0.0,Sunny
2021-06-18,28.8,22.6,25.7,83,9.4,1.4,Cloudy
2021-06-19,26.2,19.5,22.8,53,11.9,1.7,Sunny
2021-06-20,25.6,19.1,22.4,58,13.4,1.7,Sunny
2021-06-21,25.9,20.3,23.1,72,7.5,0.1,Cloudy
2021-06-22,29.6,24.4,27.0,54,7.5,0.8,Sunny
2021-06-23,31.7,26.8,29.2,89,9.6,1.4,Cloudy
2021-06-24,31.4,27.9,29.6,94,8.2,0.5,Cloudy
2021-06-25,34.1,29.7,31.9,57,5.1,4.1,Rainy
2021-06-26,30.1,28.5,29.3,45,7.0,0.2,Sunny
2021-06-27,37.3,32.5,34.9,76,6.3,1.3,Cloudy
2021-06-28,28.7,25.7,27.2,87,13.6,2.4,Cloudy
2021-06-29,43.6,40.8,42.2,56,15.1,0.6,Sunny
2021-06-30,33.1,27.7,30.4,82,6.7,2.0,Cloudy
2021-07-01,25.7,17.9,21.8,71,11.6,3.5,Rainy
2021-07-02,24.6,17.8,21.2,88,12.6,0.4,Cloudy
2021-07-03,32.4,30.5,31.4,76,5.5,5.0,Rainy
2021-07-04,28.9,25.9,27.4,63,10.5,1.6,Sunny
2021-07-05,33.6,26.7,30.2,66,17.6,0.7,Sunny
2021-07-06,32.4,29.4,30.9,35,12.0,1.1,Sunny
2021-07-07,29.6,25.0,27.3,36,9.3,0.7,Sunny
2021-07-08,25.8,19.7,22.8,54,8.3,2.6,Sunny
2021-07-09,22.4,19.3,20.8,62,3.9,3.2,Rainy
2021-07-10,27.8,22.6,25.2,84,11.4,3.6,Rainy
2021-07-11,34.3,32.0,33.2,87,15.8,8.5,Rainy
2021-07-12,31.1,27.3,29.2,36,7.6,3.1,Rainy
2021-07-13,23.8,18.2,21.0,86,4.2,1.8,Cloudy
2021-07-14,30.9,29.1,30.0,41,8.0,0.8,Sunny
2021-07-15,31.9,26.0,29.0,45,12.6,1.6,Sunny
2021-07-16,25.6,20.6,23.1,72,8.7,0.1,Cloudy
2021-07-17,30.8,24.7,27.8,36,7.5,2.7,Sunny
2021-07-18,30.3,24.9,27.6,80,10.1,1.2,Cloudy
2021-07-19,24.3,16.6,20.5,61,10.7,0.0,Sunny
2021-07-20,31.8,26.5,29.2,37,5.8,0.1,Sunny
2021-07-21,32.8,28.7,30.8,74,9.3,1.0,Cloudy
2021-07-22,35.4,30.2,32.8,88,8.5,1.8,Cloudy
2021-07-23,35.3,29.2,32.2,33,8.1,1.2,Sunny
2021-07-24,23.1,18.0,20.6,96,6.9,1.9,Cloudy
2021-07-25,25.3,20.2,22.8,58,12.8,1.3,Sunny
2021-07-26,32.6,29.0,30.8,58,8.1,2.2,Sunny
2021-07-27,32.6,28.9,30.8,57,4.0,0.5,Sunny
2021-07-28,32.6,30.4,31.5,73,10.8,0.2,Cloudy
2021-07-29,49.3,40.8,45.0,33,12.2,1.8,Sunny
2021-07-30,32.9,30.4,31.6,38,7.6,1.3,Sunny
2021-07-31,35.7,32.1,33.9,34,8.3,0.1,Sunny
2021-08-01,34.8,31.2,33.0,85,8.1,1.0,Cloudy
2021-08-02,33.3,26.5,29.9,79,9.0,0.2,Cloudy
2021-08-03,28.4,24.0,26.2,44,13.3,1.5,Sunny
2021-08-04,33.8,26.3,30.0,61,9.7,1.0,Sunny
2021-08-05,26.1,22.4,24.2,57,12.5,1.9,Sunny
2021-08-06,28.8,23.2,26.0,51,7.1,3.3,Rainy
2021-08-07,27.6,24.3,26.0,46,8.8,0.7,Sunny
2021-08-08,30.4,21.1,25.8,88,12.9,6.5,Rainy
2021-08-09,41.6,39.0,40.3,86,7.6,1.5,Cloudy
2021-08-10,20.7,15.1,17.9,55,13.0,1.9,Sunny
2021-08-11,33.4,27.1,30.2,54,8.1,2.3,Sunny
2021-08-12,21.9,16.1,19.0,39,9.0,2.2,Sunny
2021-08-13,27.6,23.0,25.3,74,15.0,1.4,Cloudy
2021-08-14,35.4,30.7,33.0,40,8.7,1.1,Sunny
2021-08-15,30.3,25.2,27.8,82,10.4,0.1,Cloudy
2021-08-16,24.6,19.9,22.2,97,11.8,0.0,Cloudy
2021-08-17,26.4,19.5,23.0,57,10.7,0.9,Sunny
2021-08-18,33.4,24.0,28.7,94,10.8,0.8,Cloudy
2021-08-19,26.3,22.4,24.4,78,9.8,1.0,Cloudy
2021-08-20,31.1,28.8,30.0,76,6.1,0.3,Cloudy
2021-08-21,30.2,25.4,27.8,81,11.0,2.7,Cloudy
2021-08-22,26.7,16.5,21.6,83,7.8,3.9,Rainy
2021-08-23,40.7,37.3,39.0,89,12.3,5.6,Rainy
2021-08-24,33.2,24.9,29.0,86,14.1,1.4,Cloudy
2021-08-25,19.9,11.5,15.7,76,4.6,2.4,Cloudy
2021-08-26,30.9,27.0,29.0,60,14.1,3.9,Rainy
2021-08-27,26.7,20.6,23.6,75,8.8,1.1,Cloudy
2021-08-28,34.3,26.0,30.2,55,9.6,0.7,Sunny
2021-08-29,26.0,21.8,23.9,34,7.3,5.5,Rainy
2021-08-30,29.4,24.8,27.1,81,10.6,1.5,Cloudy
2021-08-31,32.5,28.7,30.6,83,10.2,1.4,Cloudy
2021-09-01,34.3,31.3,32.8,62,13.2,0.4,Sunny
2021-09-02,24.0,20.3,22.2,79,7.8,0.2,Cloudy
2021-09-03,28.3,25.7,27.0,67,15.0,3.7,Rainy
2021-09-04,27.6,22.5,25.0,56,12.0,1.9,Sunny
2021-09-05,26.7,23.2,25.0,44,10.3,0.8,Sunny
2021-09-06,38.8,33.3,36.0,90,9.5,0.4,Cloudy
2021-09-07,32.0,30.1,31.0,50,9.1,1.6,Sunny
2021-09-08,23.7,18.0,20.8,75,9.3,1.8,Cloudy
2021-09-09,34.6,27.9,31.2,98,10.5,0.5,Cloudy
2021-09-10,40.6,39.6,40.1,35,9.4,3.8,Rainy
2021-09-11,35.2,29.5,32.4,67,8.1,0.2,Sunny
2021-09-12,22.4,14.9,18.6,91,10.5,0.9,Cloudy
2021-09-13,27.6,25.0,26.3,91,7.5,2.3,Cloudy
2021-09-14,36.3,28.0,32.2,75,11.0,0.6,Cloudy
2021-09-15,26.5,20.7,23.6,42,9.3,3.5,Rainy
2021-09-16,32.2,28.6,30.4,32,12.1,2.7,Sunny
2021-09-17,33.9,29.0,31.4,35,13.0,3.1,Rainy
2021-09-18,25.4,19.3,22.4,37,13.0,0.3,Sunny
2021-09-19,29.7,24.5,27.1,73,11.0,0.3,Cloudy
2021-09-20,13.8,7.7,10.8,62,11.3,0.7,Sunny
2021-09-21,24.9,21.7,23.3,79,9.0,1.5,Cloudy
2021-09-22,28.7,23.4,26.0,40,12.0,2.8,Sunny
2021-09-23,23.8,21.6,22.7,57,12.4,3.6,Rainy
2021-09-24,38.2,33.4,35.8,99,5.3,2.4,Cloudy
2021-09-25,22.8,19.6,21.2,70,11.1,5.3,Rainy
2021-09-26,27.8,24.3,26.0,45,14.1,2.7,Sunny
2021-09-27,30.7,23.2,27.0,97,8.9,0.7,Cloudy
2021-09-28,37.2,30.0,33.6,77,8.3,0.6,Cloudy
2021-09-29,22.8,16.6,19.7,85,8.7,2.4,Cloudy
2021-09-30,35.8,33.0,34.4,93,5.5,0.4,Cloudy
2021-10-01,30.1,25.7,27.9,88,10.4,0.2,Cloudy
2021-10-02,25.1,17.7,21.4,91,10.1,1.5,Cloudy
2021-10-03,32.3,27.0,29.6,40,10.6,3.4,Rainy
2021-10-04,31.0,21.4,26.2,47,11.2,0.2,Sunny
2021-10-05,27.0,21.2,24.1,48,7.6,3.1,Rainy
2021-10-06,30.3,24.9,27.6,84,10.8,3.3,Rainy
2021-10-07,28.1,23.7,25.9,55,11.3,1.3,Sunny
2021-10-08,30.6,25.3,28.0,35,8.5,0.1,Sunny
2021-10-09,33.3,28.6,31.0,33,11.3,0.4,Sunny
2021-10-10,37.9,31.5,34.7,58,10.2,2.5,Sunny
2021-10-11,23.8,16.9,20.4,88,8.1,2.5,Cloudy
2021-10-12,40.7,37.3,39.0,46,10.8,4.6,Rainy
2021-10-13,20.2,17.9,19.0,72,9.1,1.7,Cloudy
2021-10-14,29.2,27.9,28.6,95,12.1,0.3,Cloudy
2021-10-15,32.9,26.9,29.9,63,9.3,0.3,Sunny
2021-10-16,31.4,28.6,30.0,37,6.1,2.6,Sunny
2021-10-17,26.9,26.2,26.6,42,10.8,0.4,Sunny
2021-10-18,29.0,23.2,26.1,37,10.7,0.8,Sunny
2021-10-19,27.5,17.5,22.5,94,6.8,1.3,Cloudy
2021-10-20,27.1,22.1,24.6,72,12.3,0.1,Cloudy
2021-10-21,34.2,27.5,30.8,68,12.1,0.6,Sunny
2021-10-22,31.8,26.6,29.2,88,7.4,1.0,Cloudy
2021-10-23,26.5,21.7,24.1,73,8.0,0.7,Cloudy
2021-10-24,34.5,27.7,31.1,38,9.6,0.3,Sunny
2021-10-25,31.5,27.1,29.3,66,7.7,2.6,Sunny
2021-10-26,34.1,28.6,31.4,65,11.9,3.4,Rainy
2021-10-27,33.1,27.5,30.3,57,10.4,0.6,Sunny
2021-10-28,25.9,22.2,24.0,71,6.7,3.0,Cloudy
2021-10-29,27.2,20.2,23.7,72,7.5,1.0,Cloudy
2021-10-30,33.7,29.0,31.4,71,13.6,1.4,Cloudy
2021-10-31,33.1,29.6,31.4,95,14.6,3.9,Rainy
2021-11-01,29.9,23.8,26.8,84,11.6,2.8,Cloudy
2021-11-02,30.6,27.4,29.0,77,9.4,3.3,Rainy
2021-11-03,36.4,31.3,33.8,51,8.7,0.3,Sunny
2021-11-04,27.0,22.0,24.5,56,11.6,0.1,Sunny
2021-11-05,32.7,25.5,29.1,96,10.2,4.5,Rainy
2021-11-06,29.0,23.1,26.0,42,5.2,1.0,Sunny
2021-11-07,28.9,24.0,26.4,74,13.1,0.7,Cloudy
2021-11-08,35.5,28.9,32.2,39,14.0,2.6,Sunny
2021-11-09,34.1,26.3,30.2,38,12.2,3.6,Rainy
2021-11-10,34.1,28.0,31.0,83,6.7,4.0,Rainy
2021-11-11,36.5,31.5,34.0,56,8.1,0.8,Sunny
2021-11-12,30.1,27.7,28.9,63,4.4,3.8,Rainy
2021-11-13,33.4,30.5,32.0,30,14.8,0.1,Sunny
2021-11-14,28.4,24.0,26.2,61,8.9,0.1,Sunny
2021-11-15,31.6,27.8,29.7,96,17.0,2.0,Cloudy
2021-11-16,29.3,24.7,27.0,49,15.9,0.1,Sunny
2021-11-17,30.5,25.4,28.0,64,7.3,0.8,Sunny
2021-11-18,33.0,26.9,30.0,46,7.9,2.2,Sunny
2021-11-19,25.9,21.0,23.4,47,11.4,0.8,Sunny
2021-11-20,40.5,34.5,37.5,74,4.7,0.4,Cloudy
2021-11-21,25.0,19.9,22.4,82,8.7,0.7,Cloudy
2021-11-22,23.9,22.9,23.4,97,8.4,1.2,Cloudy
2021-11-23,35.8,32.7,34.2,94,15.6,1.3,Cloudy
2021-11-24,34.0,29.3,31.6,30,10.5,3.1,Rainy
2021-11-25,33.1,30.5,31.8,87,9.1,2.8,Cloudy
2021-11-26,33.1,26.9,30.0,55,8.1,1.2,Sunny
2021-11-27,29.9,21.8,25.8,49,12.7,3.7,Rainy
2021-11-28,25.5,18.1,21.8,39,8.5,0.2,Sunny
2021-11-29,30.4,25.8,28.1,88,9.8,0.6,Cloudy
2021-11-30,26.6,18.6,22.6,70,8.1,3.5,Rainy
2021-12-01,34.9,29.6,32.2,34,5.4,0.9,Sunny
2021-12-02,29.3,25.0,27.2,94,7.0,7.9,Rainy
2021-12-03,25.9,22.1,24.0,46,8.5,1.3,Sunny
2021-12-04,28.4,24.0,26.2,51,9.2,3.1,Rainy
2021-12-05,32.1,27.9,30.0,70,9.3,1.0,Sunny
2021-12-06,27.2,21.9,24.5,97,9.7,1.1,Cloudy
2021-12-07,25.9,20.6,23.2,98,8.5,1.0,Cloudy
2021-12-08,31.2,26.2,28.7,40,14.0,2.5,Sunny
2021-12-09,31.2,25.3,28.2,85,12.8,1.6,Cloudy
2021-12-10,27.5,20.1,23.8,80,9.6,5.8,Rainy
2021-12-11,27.6,20.7,24.2,50,10.8,0.6,Sunny
2021-12-12,31.2,29.2,30.2,55,8.9,0.2,Sunny
2021-12-13,22.8,22.9,22.8,48,1.5,1.0,Sunny
2021-12-14,23.0,16.1,19.6,89,10.1,1.9,Cloudy
2021-12-15,26.4,24.1,25.2,76,10.9,3.9,Rainy
2021-12-16,28.9,24.3,26.6,55,5.2,0.8,Sunny
2021-12-17,31.6,28.9,30.2,69,11.5,2.1,Sunny
2021-12-18,37.4,36.0,36.7,34,9.2,0.9,Sunny
2021-12-19,34.3,28.2,31.2,50,11.0,1.9,Sunny
2021-12-20,29.2,22.7,26.0,33,9.2,4.3,Rainy
2021-12-21,29.9,26.1,28.0,52,13.8,0.5,Sunny
2021-12-22,25.0,25.2,25.1,44,10.7,1.0,Sunny
2021-12-23,29.9,26.0,28.0,37,13.0,10.0,Rainy
2021-12-24,28.6,22.8,25.7,70,13.3,4.1,Rainy
2021-12-25,31.6,29.6,30.6,48,6.6,1.7,Sunny
2021-12-26,25.9,20.5,23.2,75,7.8,1.5,Cloudy
2021-12-27,32.6,27.6,30.1,57,11.4,0.7,Sunny
2021-12-28,37.7,31.5,34.6,97,8.9,1.5,Cloudy
2021-12-29,29.5,24.3,26.9,44,9.3,3.8,Rainy
2021-12-30,32.0,28.9,30.4,66,13.9,2.3,Sunny
2021-12-31,33.5,26.1,29.8,30,9.1,0.7,Sunny
2022-01-01,28.0,23.3,25.6,96,7.1,0.4,Cloudy
2022-01-02,31.1,26.2,28.6,53,7.5,0.6,Sunny
2022-01-03,30.1,27.0,28.6,56,16.5,0.4,Sunny
2022-01-04,30.5,26.4,28.4,69,9.5,0.2,Sunny
2022-01-05,26.1,22.9,24.5,92,5.9,1.1,Cloudy
2022-01-06,30.1,25.4,27.8,90,4.7,0.2,Cloudy
2022-01-07,32.5,24.1,28.3,65,8.1,0.4,Sunny
2022-01-08,37.3,35.0,36.2,53,9.4,1.6,Sunny
2022-01-09,34.8,33.0,33.9,53,12.8,0.4,Sunny
2022-01-10,40.8,32.9,36.8,33,12.6,0.1,Sunny
2022-01-11,26.2,21.6,23.9,96,10.0,0.8,Cloudy
2022-01-12,34.4,30.7,32.6,63,8.6,0.5,Sunny
2022-01-13,30.9,23.8,27.4,86,11.0,1.4,Cloudy
2022-01-14,40.9,37.1,39.0,78,4.8,0.2,Cloudy
2022-01-15,26.0,17.3,21.6,82,15.9,2.8,Cloudy
2022-01-16,25.8,19.4,22.6,52,12.0,4.7,Rainy
2022-01-17,27.0,23.0,25.0,98,12.6,2.7,Cloudy
2022-01-18,19.4,10.1,14.8,82,6.8,1.5,Cloudy
2022-01-19,27.4,23.6,25.5,91,13.8,3.9,Rainy
2022-01-20,26.2,19.7,23.0,70,8.6,2.4,Sunny
2022-01-21,30.8,25.2,28.0,86,7.1,0.0,Cloudy
2022-01-22,31.7,24.1,27.9,89,9.9,1.0,Cloudy
2022-01-23,39.4,31.3,35.4,83,9.8,3.8,Rainy
2022-01-24,34.8,29.7,32.2,99,6.8,0.8,Cloudy
2022-01-25,27.1,23.6,25.4,86,7.3,0.1,Cloudy
2022-01-26,25.5,19.6,22.6,39,7.1,2.7,Sunny
2022-01-27,32.5,28.9,30.7,69,7.1,3.2,Rainy
2022-01-28,23.4,14.4,18.9,36,8.8,0.4,Sunny
2022-01-29,39.2,33.9,36.6,67,5.8,1.5,Sunny
2022-01-30,35.9,31.6,33.8,90,7.9,0.4,Cloudy
2022-01-31,27.7,22.3,25.0,32,13.1,2.5,Sunny
2022-02-01,21.4,19.1,20.2,80,12.5,0.6,Cloudy
2022-02-02,36.8,33.7,35.2,76,6.9,0.8,Cloudy
2022-02-03,29.4,22.0,25.7,97,12.9,3.7,Rainy
2022-02-04,36.2,32.5,34.4,67,4.1,1.3,Sunny
2022-02-05,22.0,19.1,20.6,65,17.3,2.2,Sunny
2022-02-06,27.0,20.9,24.0,70,13.9,1.0,Sunny
2022-02-07,30.0,22.6,26.3,98,8.3,0.7,Cloudy
2022-02-08,30.2,23.8,27.0,42,11.1,2.0,Sunny
2022-02-09,27.7,20.7,24.2,87,5.8,0.3,Cloudy
2022-02-10,33.1,29.6,31.4,79,10.2,0.9,Cloudy
2022-02-11,24.7,22.5,23.6,59,9.4,0.5,Sunny
2022-02-12,29.3,21.3,25.3,91,7.5,2.4,Cloudy
2022-02-13,30.6,26.2,28.4,54,8.6,5.8,Rainy
2022-02-14,32.6,28.1,30.4,56,8.3,10.8,Rainy
2022-02-15,33.6,25.9,29.8,80,6.6,1.2,Cloudy
2022-02-16,24.4,18.3,21.4,86,7.4,0.6,Cloudy
2022-02-17,22.3,16.4,19.4,76,5.7,1.2,Cloudy
2022-02-18,36.4,27.1,31.8,68,12.6,3.8,Rainy
2022-02-19,31.7,28.0,29.8,45,7.2,0.5,Sunny
2022-02-20,26.3,19.4,22.8,51,6.3,6.1,Rainy
2022-02-21,37.8,32.7,35.2,83,12.5,0.8,Cloudy
2022-02-22,30.6,25.1,27.8,50,11.1,8.5,Rainy
2022-02-23,35.9,27.8,31.8,45,12.4,3.6,Rainy
2022-02-24,30.3,24.3,27.3,88,12.7,3.3,Rainy
2022-02-25,40.3,34.2,37.2,60,15.8,0.8,Sunny
2022-02-26,38.8,31.7,35.2,71,9.5,0.0,Cloudy
2022-02-27,28.8,24.5,26.6,61,5.6,1.0,Sunny
2022-02-28,34.9,31.6,33.2,88,10.8,0.7,Cloudy
2022-03-01,33.2,30.3,31.8,63,8.0,0.1,Sunny
2022-03-02,36.8,35.7,36.2,38,7.1,1.4,Sunny
2022-03-03,25.2,16.1,20.6,40,10.3,1.0,Sunny
2022-03-04,33.4,30.6,32.0,39,12.6,2.0,Sunny
2022-03-05,35.3,30.7,33.0,46,7.5,1.9,Sunny
2022-03-06,21.2,16.8,19.0,97,13.8,0.3,Cloudy
2022-03-07,24.1,18.5,21.3,77,7.0,7.5,Rainy
2022-03-08,19.8,13.2,16.5,81,9.3,0.4,Cloudy
2022-03-09,28.7,22.0,25.4,54,11.2,1.2,Sunny
2022-03-10,33.6,29.8,31.7,50,8.8,1.3,Sunny
2022-03-11,37.5,32.8,35.2,94,4.7,3.4,Rainy
2022-03-12,30.4,24.8,27.6,92,12.8,0.2,Cloudy
2022-03-13,38.1,33.6,35.8,80,8.1,1.1,Cloudy
2022-03-14,23.1,14.9,19.0,65,12.2,2.0,Sunny
2022-03-15,21.5,15.5,18.5,95,6.2,0.5,Cloudy
2022-03-16,29.7,23.2,26.4,44,6.7,2.0,Sunny
2022-03-17,31.9,25.6,28.8,68,12.6,5.1,Rainy
2022-03-18,29.8,22.5,26.2,99,11.0,12.0,Rainy
2022-03-19,19.7,14.3,17.0,30,8.7,0.1,Sunny
2022-03-20,29.6,27.2,28.4,52,11.1,0.5,Sunny
2022-03-21,23.5,17.7,20.6,68,7.1,0.7,Sunny
2022-03-22,33.3,29.6,31.4,86,10.3,1.0,Cloudy
2022-03-23,31.8,27.9,29.8,63,10.4,0.6,Sunny
2022-03-24,25.3,19.1,22.2,70,8.9,0.5,Sunny
2022-03-25,27.4,19.9,23.6,42,7.5,6.2,Rainy
2022-03-26,24.7,19.7,22.2,99,10.2,5.0,Rainy
2022-03-27,29.7,24.1,26.9,35,9.8,0.1,Sunny
2022-03-28,34.8,26.4,30.6,81,8.6,0.8,Cloudy
2022-03-29,25.1,19.6,22.4,32,6.9,1.0,Sunny
2022-03-30,32.5,22.3,27.4,92,10.0,0.5,Cloudy
2022-03-31,27.3,21.2,24.2,78,8.6,2.0,Cloudy
2022-04-01,26.0,24.5,25.2,76,6.9,2.0,Cloudy
2022-04-02,29.5,23.0,26.2,84,10.1,3.8,Rainy
2022-04-03,24.8,19.0,21.9,93,14.8,2.7,Cloudy
2022-04-04,27.2,19.6,23.4,94,8.9,1.6,Cloudy
2022-04-05,24.0,17.7,20.8,96,14.5,2.1,Cloudy
2022-04-06,39.8,35.1,37.4,44,16.3,0.6,Sunny
2022-04-07,30.2,27.6,28.9,61,7.1,1.8,Sunny
2022-04-08,26.5,21.9,24.2,97,10.0,1.3,Cloudy
2022-04-09,31.1,27.8,29.4,47,16.3,0.3,Sunny
2022-04-10,29.4,25.6,27.5,72,9.6,0.6,Cloudy
2022-04-11,28.9,22.7,25.8,64,10.1,0.7,Sunny
2022-04-12,33.1,24.8,29.0,87,5.0,5.2,Rainy
2022-04-13,33.8,28.0,30.9,62,8.4,0.5,Sunny
2022-04-14,27.3,24.7,26.0,43,11.7,0.7,Sunny
2022-04-15,27.1,21.2,24.2,63,17.3,0.9,Sunny
2022-04-16,28.6,21.2,24.9,90,9.4,2.2,Cloudy
2022-04-17,18.5,14.7,16.6,33,5.0,0.3,Sunny
2022-04-18,22.4,17.7,20.0,88,5.8,6.2,Rainy
2022-04-19,36.8,31.8,34.3,58,9.9,4.0,Rainy
2022-04-20,38.2,34.8,36.5,35,13.5,1.7,Sunny
2022-04-21,28.8,22.5,25.6,78,11.9,2.2,Cloudy
2022-04-22,32.9,28.1,30.5,69,11.4,0.0,Sunny
2022-04-23,31.6,25.8,28.7,94,13.9,0.8,Cloudy
2022-04-24,45.4,42.2,43.8,98,7.8,3.2,Rainy
2022-04-25,35.6,31.5,33.6,56,10.1,0.2,Sunny
2022-04-26,29.4,23.0,26.2,35,8.4,0.7,Sunny
2022-04-27,25.2,20.9,23.0,42,9.2,1.8,Sunny
2022-04-28,22.0,13.5,17.8,93,7.0,0.6,Cloudy
2022-04-29,31.0,26.8,28.9,91,9.0,5.4,Rainy
2022-04-30,26.2,20.8,23.5,48,9.9,0.3,Sunny
2022-05-01,22.9,16.0,19.4,72,8.9,3.2,Rainy
2022-05-02,26.8,24.6,25.7,49,9.5,1.4,Sunny
2022-05-03,24.6,23.1,23.8,97,11.2,2.8,Cloudy
2022-05-04,38.4,36.5,37.4,73,13.7,0.7,Cloudy
2022-05-05,34.4,26.9,30.6,52,13.9,1.4,Sunny
2022-05-06,30.0,26.1,28.0,31,12.3,3.9,Rainy
2022-05-07,37.4,27.3,32.4,51,6.2,1.3,Sunny
2022-05-08,30.4,26.5,28.4,86,8.9,0.9,Cloudy
2022-05-09,25.7,20.3,23.0,36,9.2,1.5,Sunny
2022-05-10,37.6,29.5,33.6,85,8.0,2.5,Cloudy
2022-05-11,32.7,23.7,28.2,96,11.0,1.2,Cloudy
2022-05-12,24.8,15.7,20.2,45,5.2,5.6,Rainy
2022-05-13,29.0,21.6,25.3,80,15.1,0.7,Cloudy
2022-05-14,25.6,18.6,22.1,41,13.6,1.3,Sunny
2022-05-15,23.1,16.9,20.0,82,11.4,2.8,Cloudy
2022-05-16,34.6,28.0,31.3,34,9.8,2.3,Sunny
2022-05-17,39.5,35.6,37.6,56,13.7,4.0,Rainy
2022-05-18,23.0,19.6,21.3,41,12.1,11.5,Rainy
2022-05-19,32.8,27.8,30.3,46,13.3,1.1,Sunny
2022-05-20,26.7,22.0,24.4,35,9.8,0.2,Sunny
2022-05-21,27.6,23.5,25.6,34,15.4,0.1,Sunny
2022-05-22,27.0,20.6,23.8,86,13.5,2.6,Cloudy
2022-05-23,25.7,18.8,22.2,57,11.5,4.1,Rainy
2022-05-24,30.2,25.0,27.6,98,13.8,0.5,Cloudy
2022-05-25,25.8,17.8,21.8,88,8.7,0.3,Cloudy
2022-05-26,31.4,28.7,30.0,62,6.5,0.1,Sunny
2022-05-27,29.7,25.1,27.4,91,11.0,3.5,Rainy
2022-05-28,28.8,25.2,27.0,79,9.8,0.7,Cloudy
2022-05-29,25.5,24.2,24.8,48,9.4,1.0,Sunny
2022-05-30,27.1,22.3,24.7,98,13.6,1.4,Cloudy
2022-05-31,33.8,29.0,31.4,95,10.5,3.7,Rainy
2022-06-01,32.5,24.5,28.5,76,10.8,2.1,Cloudy
2022-06-02,25.1,18.8,22.0,68,9.0,1.9,Sunny
2022-06-03,30.5,27.5,29.0,97,12.6,0.4,Cloudy
2022-06-04,33.8,25.1,29.4,62,12.1,1.4,Sunny
2022-06-05,21.7,14.3,18.0,42,12.6,2.5,Sunny
2022-06-06,32.7,26.5,29.6,83,8.5,7.2,Rainy
2022-06-07,26.7,22.2,24.4,36,13.9,0.4,Sunny
2022-06-08,32.9,29.8,31.4,43,15.5,0.0,Sunny
2022-06-09,26.2,21.9,24.0,48,12.5,0.2,Sunny
2022-06-10,21.0,13.8,17.4,83,7.6,0.9,Cloudy
2022-06-11,21.9,13.1,17.5,49,7.6,3.4,Rainy
2022-06-12,30.2,22.1,26.2,58,8.9,0.0,Sunny
2022-06-13,31.3,27.3,29.3,53,8.3,1.2,Sunny
2022-06-14,25.5,22.7,24.1,92,9.8,0.8,Cloudy
2022-06-15,33.2,27.9,30.6,86,11.9,0.1,Cloudy
2022-06-16,21.7,20.2,21.0,37,10.9,1.2,Sunny
2022-06-17,29.7,24.1,26.9,91,10.6,0.6,Cloudy
2022-06-18,23.9,19.2,21.5,58,9.3,0.9,Sunny
2022-06-19,26.7,22.6,24.6,46,9.8,2.4,Sunny
2022-06-20,30.2,28.4,29.3,95,12.4,1.5,Cloudy
2022-06-21,25.7,19.7,22.7,35,4.0,0.3,Sunny
2022-06-22,28.1,24.2,26.2,87,10.0,6.5,Rainy
2022-06-23,35.0,32.3,33.6,98,10.9,2.0,Cloudy
2022-06-24,27.1,27.8,27.4,57,12.4,2.9,Sunny
2022-06-25,34.2,29.3,31.8,91,7.0,0.2,Cloudy
2022-06-26,24.4,15.9,20.2,70,6.8,0.1,Sunny
2022-06-27,32.6,24.3,28.4,98,11.8,0.0,Cloudy
2022-06-28,37.2,33.1,35.2,70,4.3,0.4,Sunny
2022-06-29,17.6,13.8,15.7,78,14.0,1.1,Cloudy
2022-06-30,26.0,20.1,23.0,78,10.7,5.5,Rainy
2022-07-01,32.9,29.9,31.4,32,14.7,1.2,Sunny
2022-07-02,29.0,23.4,26.2,39,6.7,0.7,Sunny
2022-07-03,31.9,25.4,28.6,64,8.7,1.7,Sunny
2022-07-04,27.0,19.5,23.2,31,2.8,0.2,Sunny
2022-07-05,30.4,25.6,28.0,53,7.6,1.9,Sunny
2022-07-06,29.2,24.6,26.9,67,9.4,1.7,Sunny
2022-07-07,35.8,32.6,34.2,51,4.1,3.1,Rainy
2022-07-08,31.3,28.0,29.6,55,8.8,8.6,Rainy
2022-07-09,31.7,27.2,29.4,72,4.0,0.6,Cloudy
2022-07-10,27.9,22.2,25.0,84,9.2,1.4,Cloudy
2022-07-11,27.6,20.8,24.2,68,13.4,4.8,Rainy
2022-07-12,27.8,24.4,26.1,58,9.9,3.1,Rainy
2022-07-13,32.0,24.0,28.0,49,15.0,1.3,Sunny
2022-07-14,27.9,23.4,25.6,70,12.4,5.8,Rainy
2022-07-15,31.4,26.4,28.9,83,14.0,0.1,Cloudy
2022-07-16,40.4,36.9,38.6,49,7.7,5.3,Rainy
2022-07-17,34.4,34.2,34.3,48,7.6,0.1,Sunny
2022-07-18,28.4,21.6,25.0,95,11.0,1.6,Cloudy
2022-07-19,36.0,29.5,32.8,59,5.3,4.4,Rainy
2022-07-20,28.0,23.6,25.8,82,11.4,0.6,Cloudy
2022-07-21,19.8,14.7,17.2,63,9.0,1.3,Sunny
2022-07-22,25.0,19.0,22.0,51,14.0,0.8,Sunny
2022-07-23,20.6,18.7,19.6,96,12.0,6.1,Rainy
2022-07-24,28.2,24.3,26.2,35,13.3,3.5,Rainy
2022-07-25,30.1,23.5,26.8,56,7.7,2.5,Sunny
2022-07-26,38.4,35.9,37.2,39,13.1,1.8,Sunny
2022-07-27,31.6,26.0,28.8,77,14.3,3.4,Rainy
2022-07-28,28.9,26.6,27.8,99,9.9,1.0,Cloudy
2022-07-29,34.1,28.2,31.2,88,7.8,1.2,Cloudy
2022-07-30,18.9,14.0,16.4,88,7.8,2.6,Cloudy
2022-07-31,31.2,29.4,30.3,31,13.7,0.9,Sunny
2022-08-01,33.9,26.6,30.2,58,18.1,0.1,Sunny
2022-08-02,22.6,19.1,20.8,97,7.1,0.2,Cloudy
2022-08-03,35.7,32.3,34.0,94,6.8,0.2,Cloudy
2022-08-04,31.7,26.3,29.0,55,12.8,4.1,Rainy
2022-08-05,27.9,20.6,24.2,39,7.7,1.3,Sunny
2022-08-06,33.2,30.2,31.7,82,13.1,2.5,Cloudy
2022-08-07,41.4,36.3,38.8,88,11.4,1.0,Cloudy
2022-08-08,30.9,25.0,28.0,51,9.9,0.6,Sunny
2022-08-09,31.2,24.8,28.0,80,11.3,0.9,Cloudy
2022-08-10,27.7,22.3,25.0,77,11.1,3.2,Rainy
2022-08-11,25.8,21.5,23.6,50,9.5,2.0,Sunny
2022-08-12,34.2,30.9,32.6,51,4.7,5.5,Rainy
2022-08-13,25.7,20.5,23.1,59,10.5,2.3,Sunny
2022-08-14,30.4,27.5,29.0,54,14.7,1.7,Sunny
2022-08-15,27.6,28.4,28.0,57,5.2,1.9,Sunny
2022-08-16,32.4,26.5,29.4,94,7.1,5.7,Rainy
2022-08-17,31.7,24.9,28.3,74,11.3,3.1,Rainy
2022-08-18,35.2,34.9,35.0,97,10.1,0.0,Cloudy
2022-08-19,27.4,24.4,25.9,36,11.2,1.5,Sunny
2022-08-20,28.7,22.5,25.6,78,7.9,2.3,Cloudy
2022-08-21,25.1,16.0,20.6,38,13.5,2.8,Sunny
2022-08-22,27.8,22.8,25.3,65,10.1,0.5,Sunny
2022-08-23,31.9,28.4,30.2,30,12.1,4.0,Rainy
2022-08-24,33.8,29.2,31.5,39,11.0,6.2,Rainy
2022-08-25,25.4,17.7,21.5,65,10.5,0.5,Sunny
2022-08-26,34.3,30.6,32.4,75,11.9,4.3,Rainy
2022-08-27,36.8,33.4,35.1,61,10.6,0.2,Sunny
2022-08-28,32.1,28.1,30.1,61,6.4,0.1,Sunny
2022-08-29,39.4,36.3,37.8,35,13.3,0.3,Sunny
2022-08-30,26.1,20.9,23.5,77,12.5,0.1,Cloudy
2022-08-31,23.8,15.6,19.7,67,3.7,3.7,Rainy
2022-09-01,21.1,15.5,18.3,46,8.0,0.1,Sunny
2022-09-02,37.5,33.0,35.2,56,13.1,0.6,Sunny
2022-09-03,33.3,28.9,31.1,83,4.5,0.2,Cloudy
2022-09-04,29.7,27.8,28.8,79,12.8,0.7,Cloudy
2022-09-05,31.4,24.6,28.0,64,9.6,0.2,Sunny
2022-09-06,24.4,19.6,22.0,54,14.0,2.2,Sunny
2022-09-07,42.2,37.6,39.9,57,10.0,0.3,Sunny
2022-09-08,30.6,19.2,24.9,44,7.8,3.8,Rainy
2022-09-09,30.5,24.9,27.7,33,10.9,3.4,Rainy
2022-09-10,33.6,30.1,31.8,56,9.9,0.0,Sunny
2022-09-11,32.4,28.3,30.4,55,7.6,4.5,Rainy
2022-09-12,31.1,23.8,27.4,48,16.7,0.1,Sunny
2022-09-13,26.0,20.8,23.4,46,7.1,0.5,Sunny
2022-09-14,32.4,30.3,31.4,72,3.3,0.1,Cloudy
2022-09-15,39.4,32.6,36.0,70,14.7,0.8,Sunny
2022-09-16,36.7,33.0,34.8,71,8.2,1.4,Cloudy
2022-09-17,38.0,29.3,33.6,79,9.1,3.2,Rainy
2022-09-18,27.4,20.2,23.8,69,8.9,0.8,Sunny
2022-09-19,25.1,21.0,23.0,68,8.3,2.4,Sunny
2022-09-20,29.4,21.8,25.6,52,7.7,0.4,Sunny
2022-09-21,30.3,25.2,27.8,81,7.0,2.8,Cloudy
2022-09-22,35.5,28.8,32.2,76,10.2,0.5,Cloudy
2022-09-23,21.5,15.5,18.5,92,8.8,0.3,Cloudy
2022-09-24,37.6,34.3,36.0,98,12.2,0.4,Cloudy
2022-09-25,29.2,25.5,27.4,72,11.4,0.4,Cloudy
2022-09-26,27.9,20.8,24.4,77,7.2,1.4,Cloudy
2022-09-27,24.9,20.6,22.8,63,10.3,3.7,Rainy
2022-09-28,21.7,17.5,19.6,69,8.7,0.2,Sunny
2022-09-29,34.1,31.0,32.6,90,7.0,2.5,Cloudy
2022-09-30,30.4,24.6,27.5,79,12.1,2.1,Cloudy
2022-10-01,23.6,14.5,19.0,96,9.6,4.1,Rainy
2022-10-02,23.5,20.6,22.0,91,8.8,0.6,Cloudy
2022-10-03,28.3,23.3,25.8,87,7.4,1.2,Cloudy
2022-10-04,38.3,30.5,34.4,62,6.9,5.2,Rainy
2022-10-05,28.7,23.9,26.3,45,16.0,2.2,Sunny
2022-10-06,22.5,16.6,19.6,77,11.0,1.0,Cloudy
2022-10-07,28.8,25.9,27.4,39,6.7,0.3,Sunny
2022-10-08,28.6,22.7,25.6,67,10.9,0.6,Sunny
2022-10-09,16.5,11.9,14.2,48,13.2,1.7,Sunny
2022-10-10,29.7,22.7,26.2,65,10.5,2.5,Sunny
2022-10-11,28.8,21.4,25.1,88,14.1,0.3,Cloudy
2022-10-12,33.5,23.3,28.4,92,5.4,1.8,Cloudy
2022-10-13,39.2,33.0,36.1,75,4.0,1.6,Cloudy
2022-10-14,35.6,29.9,32.8,32,10.8,1.4,Sunny
2022-10-15,28.7,23.3,26.0,94,10.8,2.3,Cloudy
2022-10-16,24.5,20.2,22.4,37,-0.0,3.6,Rainy
2022-10-17,42.9,37.2,40.0,80,8.1,0.8,Cloudy
2022-10-18,30.3,25.9,28.1,35,7.0,4.4,Rainy
2022-10-19,30.1,24.8,27.4,68,5.8,0.4,Sunny
2022-10-20,29.9,22.3,26.1,89,7.0,0.4,Cloudy
2022-10-21,31.0,28.0,29.5,57,11.8,0.6,Sunny
2022-10-22,29.3,22.0,25.6,83,6.9,0.3,Cloudy
2022-10-23,27.1,19.5,23.3,66,7.1,0.5,Sunny
2022-10-24,27.3,22.5,24.9,38,5.1,0.2,Sunny
2022-10-25,29.8,29.0,29.4,85,13.8,3.4,Rainy
2022-10-26,27.3,23.5,25.4,88,11.3,0.3,Cloudy
2022-10-27,26.4,18.8,22.6,31,2.5,2.8,Sunny
2022-10-28,30.5,25.5,28.0,90,7.1,0.1,Cloudy
2022-10-29,28.7,25.7,27.2,87,11.6,5.9,Rainy
2022-10-30,37.5,33.5,35.5,89,13.8,2.5,Cloudy
2022-10-31,16.7,10.0,13.4,69,12.5,0.0,Sunny
2022-11-01,35.5,29.4,32.4,65,8.9,2.9,Sunny
2022-11-02,36.2,31.7,34.0,66,4.2,1.4,Sunny
2022-11-03,19.6,15.3,17.5,47,12.6,3.0,Sunny
2022-11-04,28.3,24.1,26.2,92,9.1,1.5,Cloudy
2022-11-05,28.1,24.9,26.5,51,10.2,2.0,Sunny
2022-11-06,23.0,14.8,18.9,40,9.5,3.1,Rainy
2022-11-07,26.1,21.7,23.9,87,5.9,1.0,Cloudy
2022-11-08,24.4,17.0,20.7,86,11.1,0.0,Cloudy
2022-11-09,38.8,30.8,34.8,33,10.7,3.8,Rainy
2022-11-10,34.7,27.7,31.2,36,8.7,1.0,Sunny
2022-11-11,36.4,32.3,34.3,90,11.4,1.4,Cloudy
2022-11-12,33.6,27.8,30.7,83,5.9,0.0,Cloudy
2022-11-13,24.4,19.4,21.9,97,9.2,1.4,Cloudy
2022-11-14,27.4,24.2,25.8,30,10.1,8.6,Rainy
2022-11-15,32.4,26.8,29.6,84,4.8,0.7,Cloudy
2022-11-16,23.9,21.3,22.6,32,9.8,1.0,Sunny
2022-11-17,33.6,26.2,29.9,67,12.2,2.3,Sunny
2022-11-18,28.8,24.7,26.8,30,9.1,3.4,Rainy
2022-11-19,28.1,22.7,25.4,67,9.9,1.1,Sunny
2022-11-20,33.6,28.0,30.8,58,11.7,0.7,Sunny
2022-11-21,32.2,27.7,30.0,34,8.8,5.6,Rainy
2022-11-22,28.2,22.0,25.1,50,9.1,2.3,Sunny
2022-11-23,35.8,31.7,33.8,96,6.5,0.3,Cloudy
2022-11-24,24.6,17.9,21.2,76,10.0,0.1,Cloudy
2022-11-25,33.1,30.8,32.0,64,9.0,1.3,Sunny
2022-11-26,33.0,27.7,30.4,97,11.5,0.5,Cloudy
2022-11-27,28.5,19.6,24.0,98,11.7,0.6,Cloudy
2022-11-28,31.6,28.6,30.1,30,12.4,4.2,Rainy
2022-11-29,23.7,20.1,21.9,97,8.5,0.2,Cloudy
2022-11-30,34.6,28.6,31.6,41,3.5,2.5,Sunny
2022-12-01,29.1,23.7,26.4,89,12.2,0.6,Cloudy
2022-12-02,27.4,21.7,24.5,56,11.3,2.9,Sunny
2022-12-03,35.2,29.2,32.2,85,8.1,2.6,Cloudy
2022-12-04,26.5,20.2,23.4,52,11.7,0.0,Sunny
2022-12-05,23.0,15.8,19.4,54,5.7,1.4,Sunny
2022-12-06,22.2,16.4,19.3,50,13.1,0.3,Sunny
2022-12-07,33.0,28.5,30.8,90,9.0,4.0,Rainy
2022-12-08,23.6,17.3,20.5,92,7.5,4.1,Rainy
2022-12-09,38.8,30.0,34.4,81,8.1,1.1,Cloudy
2022-12-10,19.6,14.9,17.2,54,9.3,1.2,Sunny
2022-12-11,38.5,35.4,37.0,84,10.0,0.7,Cloudy
2022-12-12,31.1,23.9,27.5,75,10.1,2.5,Cloudy
2022-12-13,29.5,24.7,27.1,61,8.7,0.9,Sunny
2022-12-14,27.3,26.6,27.0,84,10.6,0.6,Cloudy
2022-12-15,32.0,25.3,28.6,34,10.0,1.1,Sunny
2022-12-16,29.8,25.9,27.8,65,8.1,0.2,Sunny
2022-12-17,35.5,30.7,33.1,78,7.6,2.7,Cloudy
2022-12-18,30.6,24.9,27.8,87,11.8,0.0,Cloudy
2022-12-19,30.8,25.4,28.1,68,11.6,2.1,Sunny
2022-12-20,28.2,21.8,25.0,90,10.2,0.4,Cloudy
2022-12-21,29.7,25.6,27.6,38,12.8,0.5,Sunny
2022-12-22,31.5,25.5,28.5,35,4.1,2.0,Sunny
2022-12-23,21.4,16.9,19.2,64,8.3,9.9,Rainy
2022-12-24,23.3,16.8,20.0,68,6.5,3.0,Sunny
2022-12-25,33.7,27.5,30.6,51,16.8,0.5,Sunny
2022-12-26,30.9,27.8,29.4,70,12.1,0.4,Sunny
2022-12-27,29.1,21.9,25.5,34,9.8,4.0,Rainy
2022-12-28,30.1,26.2,28.2,71,12.4,1.2,Cloudy
2022-12-29,31.7,25.1,28.4,96,13.3,0.3,Cloudy
2022-12-30,27.3,21.6,24.5,59,13.3,4.0,Rainy
2022-12-31,26.1,17.4,21.8,86,12.8,3.4,Rainy
2023-01-01,31.0,26.4,28.7,58,9.2,8.3,Rainy
2023-01-02,25.1,20.8,23.0,66,8.5,4.8,Rainy
2023-01-03,32.0,27.0,29.5,42,7.1,3.8,Rainy
2023-01-04,21.5,17.1,19.3,61,11.5,0.1,Sunny
2023-01-05,35.1,28.5,31.8,75,9.5,0.2,Cloudy
2023-01-06,32.4,30.6,31.5,52,8.7,1.7,Sunny
2023-01-07,31.3,28.4,29.8,74,8.6,1.5,Cloudy
2023-01-08,34.9,32.0,33.4,46,14.4,1.2,Sunny
2023-01-09,38.3,31.4,34.8,95,12.9,1.0,Cloudy
2023-01-10,35.1,26.7,30.9,35,15.5,1.1,Sunny
2023-01-11,20.8,16.0,18.4,47,11.6,1.7,Sunny
2023-01-12,23.6,18.9,21.2,51,10.2,0.0,Sunny
2023-01-13,26.9,21.8,24.4,62,9.9,0.6,Sunny
2023-01-14,30.1,22.8,26.4,59,6.9,1.5,Sunny
2023-01-15,32.6,29.5,31.0,61,6.2,2.6,Sunny
2023-01-16,26.4,20.9,23.6,71,11.5,0.4,Cloudy
2023-01-17,30.9,23.9,27.4,39,7.2,1.6,Sunny
2023-01-18,26.2,20.2,23.2,65,10.6,2.5,Sunny
2023-01-19,26.9,21.5,24.2,63,13.3,1.2,Sunny
2023-01-20,23.0,16.0,19.5,57,8.0,0.1,Sunny
2023-01-21,25.4,25.8,25.6,40,16.0,1.2,Sunny
2023-01-22,23.2,16.8,20.0,68,7.0,0.7,Sunny
2023-01-23,25.1,21.4,23.2,76,13.0,5.3,Rainy
2023-01-24,35.3,34.0,34.6,48,11.3,0.3,Sunny
2023-01-25,25.3,19.3,22.3,44,13.6,2.1,Sunny
2023-01-26,43.2,35.5,39.4,57,6.7,0.1,Sunny
2023-01-27,32.5,27.8,30.2,53,16.9,1.2,Sunny
2023-01-28,30.9,24.0,27.4,38,9.5,1.6,Sunny
2023-01-29,25.7,17.5,21.6,76,12.0,0.7,Cloudy
2023-01-30,33.5,25.9,29.7,62,14.3,1.2,Sunny
2023-01-31,27.1,18.8,23.0,91,8.2,0.4,Cloudy
2023-02-01,30.6,24.1,27.4,48,12.5,0.7,Sunny
2023-02-02,42.8,37.6,40.2,96,7.7,1.9,Cloudy
2023-02-03,29.5,27.7,28.6,69,14.2,0.7,Sunny
2023-02-04,35.7,31.2,33.4,76,7.7,4.6,Rainy
2023-02-05,26.5,23.2,24.8,94,10.1,2.0,Cloudy
2023-02-06,29.8,20.5,25.2,58,10.9,1.2,Sunny
2023-02-07,38.9,34.3,36.6,79,12.4,0.1,Cloudy
2023-02-08,26.9,21.7,24.3,42,15.9,1.4,Sunny
2023-02-09,39.1,33.0,36.0,30,8.6,2.9,Sunny
2023-02-10,33.5,28.4,31.0,63,13.4,0.6,Sunny
2023-02-11,27.2,18.8,23.0,77,15.9,3.3,Rainy
2023-02-12,33.2,29.4,31.3,77,10.5,0.6,Cloudy
2023-02-13,34.9,29.5,32.2,78,8.3,3.5,Rainy
2023-02-14,33.1,29.6,31.4,93,4.8,0.2,Cloudy
2023-02-15,22.1,19.7,20.9,90,15.6,4.0,Rainy
2023-02-16,26.4,22.6,24.5,58,9.3,1.4,Sunny
2023-02-17,28.8,23.9,26.4,68,7.0,0.7,Sunny
2023-02-18,29.6,25.5,27.6,55,5.9,0.6,Sunny
2023-02-19,33.1,29.5,31.3,46,7.0,1.1,Sunny
2023-02-20,30.9,28.7,29.8,42,12.8,13.9,Rainy
2023-02-21,23.3,18.5,20.9,98,13.2,0.5,Cloudy
2023-02-22,31.9,29.9,30.9,55,12.0,0.2,Sunny
2023-02-23,33.1,26.6,29.8,78,10.4,1.8,Cloudy
2023-02-24,32.8,27.6,30.2,96,6.3,1.3,Cloudy
2023-02-25,35.4,33.3,34.3,36,7.8,1.5,Sunny
2023-02-26,34.2,29.8,32.0,87,6.7,2.2,Cloudy
2023-02-27,32.3,28.8,30.6,78,11.7,0.6,Cloudy
2023-02-28,29.6,24.0,26.8,82,6.8,4.8,Rainy
2023-03-01,21.7,14.0,17.8,94,7.9,1.1,Cloudy
2023-03-02,32.1,30.9,31.5,91,9.4,0.3,Cloudy
2023-03-03,31.0,25.8,28.4,46,5.0,2.7,Sunny
2023-03-04,31.4,26.7,29.0,72,10.1,2.1,Cloudy
2023-03-05,23.6,17.3,20.5,54,9.7,0.8,Sunny
2023-03-06,24.6,19.2,21.9,32,13.6,1.9,Sunny
2023-03-07,35.3,31.8,33.6,58,7.5,0.5,Sunny
2023-03-08,29.8,25.4,27.6,61,6.1,1.2,Sunny
2023-03-09,33.4,30.0,31.7,55,8.9,4.6,Rainy
2023-03-10,30.1,22.9,26.5,45,6.7,0.3,Sunny
2023-03-11,30.1,25.1,27.6,54,10.1,1.0,Sunny
2023-03-12,34.7,25.9,30.3,83,4.4,3.4,Rainy
2023-03-13,27.4,22.5,25.0,57,8.2,7.0,Rainy
2023-03-14,30.5,26.9,28.7,85,7.2,1.2,Cloudy
2023-03-15,27.7,25.7,26.7,94,11.7,1.4,Cloudy
2023-03-16,27.8,26.4,27.1,70,7.6,1.7,Sunny
2023-03-17,28.5,26.7,27.6,80,4.8,5.4,Rainy
2023-03-18,31.1,25.6,28.4,58,9.4,3.9,Rainy
2023-03-19,27.6,21.6,24.6,48,11.0,0.4,Sunny
2023-03-20,36.3,34.5,35.4,95,9.2,1.1,Cloudy
2023-03-21,25.5,18.7,22.1,70,8.2,1.2,Sunny
2023-03-22,29.1,25.1,27.1,74,8.0,3.1,Rainy
2023-03-23,27.8,22.5,25.2,44,10.3,1.8,Sunny
2023-03-24,37.2,29.0,33.1,32,7.3,2.1,Sunny
2023-03-25,31.0,24.2,27.6,40,9.0,12.6,Rainy
2023-03-26,35.2,30.7,33.0,82,12.3,0.2,Cloudy
2023-03-27,22.6,19.4,21.0,75,6.1,0.5,Cloudy
2023-03-28,31.3,30.6,31.0,59,9.9,1.0,Sunny
2023-03-29,34.4,30.8,32.6,86,4.6,0.9,Cloudy
2023-03-30,30.4,25.8,28.1,47,10.7,0.0,Sunny
2023-03-31,35.3,32.3,33.8,80,7.1,0.2,Cloudy
2023-04-01,27.4,22.7,25.0,77,13.1,2.3,Cloudy
2023-04-02,37.0,31.8,34.4,95,5.6,4.2,Rainy
2023-04-03,41.5,36.9,39.2,37,11.3,1.4,Sunny
2023-04-04,28.2,24.5,26.4,51,13.7,1.5,Sunny
2023-04-05,27.8,22.5,25.2,35,6.9,0.6,Sunny
2023-04-06,37.3,31.4,34.3,86,7.4,2.9,Cloudy
2023-04-07,37.9,35.1,36.5,65,7.2,2.8,Sunny
2023-04-08,27.4,19.6,23.5,86,8.5,1.8,Cloudy
2023-04-09,27.9,23.1,25.5,78,11.6,0.5,Cloudy
2023-04-10,28.6,23.6,26.1,74,8.3,0.2,Cloudy
2023-04-11,23.3,16.9,20.1,95,6.6,0.1,Cloudy
2023-04-12,25.4,19.9,22.6,74,3.9,1.8,Cloudy
2023-04-13,25.0,18.1,21.6,49,14.8,3.5,Rainy
2023-04-14,26.2,20.6,23.4,93,15.0,3.9,Rainy
2023-04-15,29.8,26.0,27.9,96,11.7,1.2,Cloudy
2023-04-16,31.2,25.5,28.4,32,7.6,3.1,Rainy
2023-04-17,37.8,35.1,36.4,83,12.2,5.9,Rainy
2023-04-18,25.0,19.8,22.4,93,12.8,0.6,Cloudy
2023-04-19,34.9,30.0,32.4,69,9.2,1.0,Sunny
2023-04-20,28.9,24.3,26.6,88,10.1,5.4,Rainy
2023-04-21,29.8,25.1,27.4,84,13.7,0.8,Cloudy
2023-04-22,33.4,32.2,32.8,91,5.1,4.9,Rainy
2023-04-23,24.4,20.5,22.4,33,13.0,7.9,Rainy
2023-04-24,31.9,26.7,29.3,89,9.1,2.2,Cloudy
2023-04-25,30.8,25.5,28.2,59,6.7,3.4,Rainy
2023-04-26,32.5,29.6,31.0,31,6.9,2.8,Sunny
2023-04-27,31.4,23.9,27.6,91,7.4,2.4,Cloudy
2023-04-28,42.3,39.0,40.6,78,6.4,0.7,Cloudy
2023-04-29,26.8,19.9,23.4,38,15.3,0.1,Sunny
2023-04-30,27.3,21.4,24.4,60,11.5,0.8,Sunny
2023-05-01,26.9,23.2,25.0,90,13.2,2.2,Cloudy
2023-05-02,27.2,18.6,22.9,77,11.7,0.2,Cloudy
2023-05-03,26.8,24.2,25.5,54,10.2,0.0,Sunny
2023-05-04,35.9,29.1,32.5,65,10.2,0.3,Sunny
2023-05-05,37.1,30.1,33.6,37,8.8,2.5,Sunny
2023-05-06,27.1,23.4,25.2,87,9.1,7.2,Rainy
2023-05-07,25.8,18.0,21.9,74,5.8,8.2,Rainy
2023-05-08,32.4,27.9,30.2,91,13.2,1.4,Cloudy
2023-05-09,27.2,21.6,24.4,68,4.6,4.1,Rainy
2023-05-10,33.2,27.7,30.4,87,6.8,2.7,Cloudy
2023-05-11,31.0,26.3,28.6,93,16.0,1.4,Cloudy
2023-05-12,22.4,15.8,19.1,73,10.4,1.7,Cloudy
2023-05-13,37.7,31.1,34.4,58,10.5,0.3,Sunny
2023-05-14,39.0,37.5,38.2,88,11.9,5.6,Rainy
2023-05-15,26.9,19.3,23.1,38,5.4,0.9,Sunny
2023-05-16,28.1,26.4,27.2,35,5.8,1.2,Sunny
2023-05-17,31.4,24.3,27.8,58,8.7,2.2,Sunny
2023-05-18,31.7,24.4,28.0,87,7.3,0.8,Cloudy
2023-05-19,33.3,30.5,31.9,46,9.8,0.6,Sunny
2023-05-20,40.1,35.9,38.0,45,11.5,2.0,Sunny
2023-05-21,29.1,26.3,27.7,32,14.2,0.1,Sunny
2023-05-22,26.0,21.4,23.7,50,12.4,2.6,Sunny
2023-05-23,23.1,18.7,20.9,93,7.0,1.4,Cloudy
2023-05-24,26.3,19.7,23.0,65,8.9,1.9,Sunny
2023-05-25,29.8,22.2,26.0,91,8.1,2.0,Cloudy
2023-05-26,39.0,31.2,35.1,71,7.0,1.5,Cloudy
2023-05-27,27.4,23.5,25.4,71,6.3,1.7,Cloudy
2023-05-28,31.1,26.5,28.8,90,15.0,2.3,Cloudy
2023-05-29,29.9,28.3,29.1,42,10.0,2.8,Sunny
2023-05-30,35.9,32.5,34.2,40,9.3,2.6,Sunny
2023-05-31,42.6,35.7,39.2,83,11.5,4.1,Rainy
2023-06-01,27.3,19.1,23.2,45,11.6,0.4,Sunny
2023-06-02,27.6,25.1,26.4,37,13.4,1.0,Sunny
2023-06-03,35.2,31.4,33.3,88,7.8,5.9,Rainy
2023-06-04,33.4,28.5,31.0,86,11.2,1.0,Cloudy
2023-06-05,39.2,33.6,36.4,69,7.3,0.3,Sunny
2023-06-06,32.9,29.5,31.2,88,9.4,1.5,Cloudy
2023-06-07,28.2,22.4,25.3,31,10.2,0.2,Sunny
2023-06-08,33.0,28.9,31.0,39,10.5,0.5,Sunny
2023-06-09,35.5,30.5,33.0,73,10.3,12.8,Rainy
2023-06-10,34.1,28.0,31.0,40,12.4,1.6,Sunny
2023-06-11,32.5,27.5,30.0,31,8.2,0.7,Sunny
2023-06-12,35.3,31.2,33.2,79,10.5,10.5,Rainy
2023-06-13,35.8,31.0,33.4,41,7.7,6.8,Rainy
2023-06-14,36.9,32.1,34.5,52,18.8,1.2,Sunny
2023-06-15,33.2,28.9,31.0,47,7.3,0.6,Sunny
2023-06-16,29.2,24.7,27.0,91,7.9,3.6,Rainy
2023-06-17,30.7,22.5,26.6,91,12.6,2.5,Cloudy
2023-06-18,36.0,29.9,33.0,67,8.7,2.3,Sunny
2023-06-19,25.9,21.5,23.7,96,12.6,4.5,Rainy
2023-06-20,31.8,25.4,28.6,67,10.5,2.3,Sunny
2023-06-21,28.0,23.7,25.8,96,8.8,0.7,Cloudy
2023-06-22,30.1,22.8,26.4,90,7.7,2.4,Cloudy
2023-06-23,36.4,30.7,33.6,30,7.6,0.7,Sunny
2023-06-24,31.0,26.2,28.6,74,8.8,2.8,Cloudy
2023-06-25,30.2,24.3,27.2,57,9.5,1.9,Sunny
2023-06-26,23.2,21.3,22.2,50,7.5,0.2,Sunny
2023-06-27,33.7,31.0,32.4,42,9.7,1.4,Sunny
2023-06-28,33.2,30.6,31.9,56,6.7,0.8,Sunny
2023-06-29,40.8,35.5,38.2,36,12.3,0.8,Sunny
2023-06-30,28.5,20.0,24.2,51,12.8,1.8,Sunny
2023-07-01,31.1,21.6,26.4,82,7.9,0.8,Cloudy
2023-07-02,31.2,24.9,28.0,33,7.7,3.0,Sunny
2023-07-03,37.9,31.9,34.9,52,10.5,0.1,Sunny
2023-07-04,29.5,28.1,28.8,99,13.8,2.2,Cloudy
2023-07-05,31.4,27.5,29.4,62,14.5,3.3,Rainy
2023-07-06,33.0,29.6,31.3,57,5.8,2.2,Sunny
2023-07-07,30.9,27.1,29.0,37,13.0,1.4,Sunny
2023-07-08,27.8,23.1,25.5,30,9.8,6.0,Rainy
2023-07-09,31.0,26.9,29.0,66,9.9,0.7,Sunny
2023-07-10,35.4,34.4,34.9,92,11.5,0.0,Cloudy
2023-07-11,24.9,18.4,21.6,51,8.6,1.1,Sunny
2023-07-12,30.7,27.8,29.2,99,13.3,0.1,Cloudy
2023-07-13,26.5,21.0,23.8,50,14.3,6.2,Rainy
2023-07-14,36.0,26.9,31.4,64,14.4,0.5,Sunny
2023-07-15,22.4,19.2,20.8,34,4.5,3.1,Rainy
2023-07-16,27.2,27.3,27.2,89,9.3,3.0,Cloudy
2023-07-17,31.9,27.5,29.7,75,4.2,0.5,Cloudy
2023-07-18,37.8,30.6,34.2,79,7.7,1.9,Cloudy
2023-07-19,29.7,20.8,25.2,77,2.8,0.1,Cloudy
2023-07-20,27.2,24.7,26.0,35,11.4,1.3,Sunny
2023-07-21,39.4,33.4,36.4,85,10.7,0.0,Cloudy
2023-07-22,22.8,18.7,20.8,88,8.7,5.1,Rainy
2023-07-23,19.0,14.2,16.6,58,7.6,7.5,Rainy
2023-07-24,32.2,21.9,27.0,47,10.9,0.5,Sunny
2023-07-25,27.5,25.5,26.5,31,7.0,0.5,Sunny
2023-07-26,24.9,19.4,22.2,37,6.8,2.8,Sunny
2023-07-27,33.5,27.6,30.6,83,6.4,0.6,Cloudy
2023-07-28,31.2,24.0,27.6,67,9.4,4.5,Rainy
2023-07-29,27.2,22.0,24.6,77,8.3,1.7,Cloudy
2023-07-30,23.6,18.0,20.8,56,8.8,0.9,Sunny
2023-07-31,34.4,30.2,32.3,49,11.6,3.6,Rainy
2023-08-01,33.3,27.8,30.6,41,12.9,1.4,Sunny
2023-08-02,29.5,25.2,27.4,72,14.4,4.9,Rainy
2023-08-03,39.2,33.0,36.1,90,10.2,5.3,Rainy
2023-08-04,24.6,20.3,22.5,60,11.0,0.4,Sunny
2023-08-05,22.4,16.6,19.5,90,10.6,0.0,Cloudy
2023-08-06,26.5,21.6,24.0,96,5.0,8.3,Rainy
2023-08-07,29.8,22.5,26.2,64,8.9,4.7,Rainy
2023-08-08,31.2,26.3,28.8,44,8.9,0.1,Sunny
2023-08-09,28.8,27.3,28.0,45,8.5,3.6,Rainy
2023-08-10,31.8,24.3,28.0,42,9.9,1.2,Sunny
2023-08-11,23.7,20.5,22.1,64,9.3,0.6,Sunny
2023-08-12,37.2,33.5,35.4,88,7.0,4.2,Rainy
2023-08-13,29.6,25.8,27.7,50,9.5,0.4,Sunny
2023-08-14,35.6,27.9,31.8,83,8.1,5.9,Rainy
2023-08-15,31.7,31.0,31.4,59,2.1,0.5,Sunny
2023-08-16,32.3,21.0,26.6,77,5.8,1.9,Cloudy
2023-08-17,32.8,25.7,29.2,64,10.3,0.5,Sunny
2023-08-18,32.2,26.8,29.5,67,13.3,1.6,Sunny
2023-08-19,33.2,28.3,30.8,60,2.7,2.3,Sunny
2023-08-20,36.6,31.0,33.8,53,7.4,0.4,Sunny
2023-08-21,31.0,25.0,28.0,78,11.3,1.5,Cloudy
2023-08-22,33.5,27.2,30.4,61,12.6,1.3,Sunny
2023-08-23,29.6,23.5,26.6,84,8.7,0.1,Cloudy
2023-08-24,37.2,32.0,34.6,87,8.0,3.4,Rainy
2023-08-25,26.6,22.0,24.3,32,13.7,0.8,Sunny
2023-08-26,39.0,34.3,36.6,98,12.4,1.7,Cloudy
2023-08-27,29.8,25.2,27.5,39,12.6,1.4,Sunny
2023-08-28,22.8,15.5,19.2,54,8.6,1.4,Sunny
2023-08-29,30.6,24.4,27.5,97,13.3,0.2,Cloudy
2023-08-30,26.6,27.5,27.0,90,4.2,1.1,Cloudy
2023-08-31,34.2,27.9,31.0,58,13.4,1.2,Sunny
2023-09-01,26.7,21.3,24.0,48,9.8,2.6,Sunny
2023-09-02,27.8,22.8,25.3,72,10.4,3.7,Rainy
2023-09-03,20.6,16.4,18.5,95,7.2,1.6,Cloudy
2023-09-04,27.7,20.5,24.1,90,4.6,0.2,Cloudy
2023-09-05,17.9,11.0,14.4,72,10.3,0.5,Cloudy
2023-09-06,22.1,18.6,20.4,54,11.7,0.4,Sunny
2023-09-07,33.8,28.0,30.9,49,12.1,0.3,Sunny
2023-09-08,33.9,30.8,32.4,77,11.8,0.9,Cloudy
2023-09-09,32.1,29.9,31.0,53,11.1,0.5,Sunny
2023-09-10,25.2,21.5,23.4,40,7.2,0.5,Sunny
2023-09-11,29.8,23.1,26.4,84,12.3,0.1,Cloudy
2023-09-12,30.0,23.1,26.6,57,6.9,0.0,Sunny
2023-09-13,24.2,18.2,21.2,98,13.3,0.2,Cloudy
2023-09-14,37.5,31.0,34.2,92,9.7,0.4,Cloudy
2023-09-15,34.4,28.4,31.4,88,9.8,1.1,Cloudy
2023-09-16,28.9,25.2,27.0,34,12.6,1.4,Sunny
2023-09-17,30.1,24.2,27.2,80,13.0,0.3,Cloudy
2023-09-18,31.0,24.4,27.7,50,12.3,1.1,Sunny
2023-09-19,19.8,13.3,16.6,41,7.5,0.8,Sunny
2023-09-20,28.8,21.4,25.1,79,12.3,0.4,Cloudy
2023-09-21,26.6,20.2,23.4,33,7.6,0.0,Sunny
2023-09-22,25.0,19.3,22.2,71,12.4,1.3,Cloudy
2023-09-23,28.6,21.5,25.0,67,5.7,2.3,Sunny
2023-09-24,39.0,34.1,36.6,54,9.7,0.5,Sunny
2023-09-25,33.2,30.0,31.6,43,7.5,0.3,Sunny
2023-09-26,27.1,22.4,24.8,61,12.6,4.4,Rainy
2023-09-27,32.9,29.4,31.2,40,13.3,0.6,Sunny
